ModelId,BrandName,ModelName,Exclude,CarType
11502,AEBI,TT,,С
14315,AGCO,DT Series,,C
14523,AL-GHAZI,480,,C
14524,AL-GHAZI,640,,C
14522,AL-GHAZI,GHAZI,,C
9749,ALLGAIER,Series A,,C
9753,ALLGAIER,Series R,,C
36357,AMW,Series 1600,,C
36263,AMW,Series 2500,,C
36264,AMW,Series 3100,,C
36265,AMW,Series 4000,,C
36266,AMW,Series 4900,,C
11089,ARMATRAC,Serie-11,,C
14016,ASHOK LEYLAND,BOSS,,Г
14017,ASHOK LEYLAND,ECOMET,,Г
13997,ASHOK LEYLAND,U-TRUCK,,Г
8939,ASKAM (FARGO/DESOTO),8 Litre,,С
8959,ASKAM (FARGO/DESOTO),AS 950,,С
8933,ASKAM (FARGO/DESOTO),Hi-Ex,,С
6989,ASTRA,HD 7,,С
6991,ASTRA,HD 7-C,,С
6990,ASTRA,HD 8,,С
37778,ASTRA,HD 9,,С
5549,AVIA,D-Line,,Г
10483,AYATS,Bravo,,А
37893,BASAK,2000 Series,,С
37894,BASAK,BE Series,,С
9758,BAUTZ,Series AS/AL/AW,,С
11080,BCS,VOLCAN,,С
13511,BEDFORD,TK/MK,,С
14375,BELARUS,Series 100,,С
14378,BELARUS,Series 1000,,С
7575,BERKHOF,Ambassador,,А
14598,BHARATBENZ,HEAVY-DUTY,,С
14597,BHARATBENZ,MEDIUM-DUTY,,С
11090,BM TRACTORS,BETTER,,С
37620,BMC,ALYOS,,A
37087,BMC,BELDE,,A
37621,BMC,CONDOR,,A
8668,BMC,FATIH,,A
37080,BMC,HAWK,,A
37622,BMC,KARISMA,,A
8656,BMC,LEVEND,,A
37146,BMC,MEGASTAR,,A
37079,BMC,MIDILUX,,A
37623,BMC,NIFTY,,A
37078,BMC,PROBUS,,A
37077,BMC,PROCITY,,A
8649,BMC,PROFESSIONAL,,A
11230,BMC,SCHOOLBUS,,A
785,BOVA,Futura,,A
37818,BOVA,Jonkheere,,A
5582,BOVA,Lexio,,A
5580,BOVA,Magiq,,A
5581,BOVA,Synergy,,A
11091,BRANSON TRACTORS,Serie-00,,С
11092,BRANSON TRACTORS,Serie-10,,С
11093,BRANSON TRACTORS,Serie-20,,С
14834,BREDAMENARINIBUS,AVANCITY,,А
37626,BREDAMENARINIBUS,LANDER,,А
10484,BREDAMENARINIBUS,M-Serie,,А
14835,BREDAMENARINIBUS,VIVACITY,,А
14839,BREDAMENARINIBUS,ZEUS,,А
9761,BUCHER,Series D,,С
11098,CARON,Serie-CT,,С
14525,CARRARO,AGRICUBE,,С
11087,CARRARO,ERGIT,,С
11940,CASE IH,CS,,С
11101,CASE IH,FARMALL,,С
14541,CASE IH,JX-SERIES,,С
11102,CASE IH,MAGNUM,,С
11914,CASE IH,MAXXUM,,С
11911,CASE IH,PUMA,,С
11912,CASE IH,QUANTUM,,С
11932,CASE IH,STEIGER,,С
11103,CHALLENGER,MT,,С
38120,CHEVROLET,D-Series,,С
38266,CHEVROLET,N Series,,С
11082,CLAAS,ARION,,С
36884,CLAAS,ATOS,,С
11390,CLAAS,AXION,,С
11085,CLAAS,ELIOS,,С
36886,CLAAS,NEXOS,,С
36889,CLAAS,XERION,,С
8695,DAEWOO,NOVUS,,С
8696,DAEWOO,PRIMA,,С
714,DAF,45,,Г
1541,DAF,55,,Г
3653,DAF,65,,Г
4177,DAF,65 CF,,Г
587,DAF,75,,Г
4178,DAF,75 CF,,Г
755,DAF,85,,Г
4179,DAF,85 CF,,Г
837,DAF,95,,Г
4176,DAF,95 XF,,Г
11880,DAF,CF,,Г
4968,DAF,CF 65,,Г
4969,DAF,CF 75,,Г
4970,DAF,CF 85,,Г
10486,DAF,DB,,Г
1122,DAF,F 1000,,Г
3661,DAF,F 1100,,Г
1137,DAF,F 1200,,Г
3663,DAF,F 1300,,Г
1143,DAF,F 1400,,Г
3664,DAF,F 1500,,Г
1156,DAF,F 1600,,Г
1159,DAF,F 1700,,Г
1163,DAF,F 1800,,Г
1168,DAF,F 1900,,Г
579,DAF,F 2000,,Г
585,DAF,F 2100,,Г
591,DAF,F 2200,,Г
598,DAF,F 2300,,Г
600,DAF,F 2500,,Г
4570,DAF,F 2600,,Г
621,DAF,F 2700,,Г
624,DAF,F 2800,,Г
627,DAF,F 2900,,Г
629,DAF,F 3200,,Г
634,DAF,F 3300,,Г
644,DAF,F 3600,,Г
4566,DAF,F 500,,Г
1090,DAF,F 600,,Г
4567,DAF,F 700,,Г
1098,DAF,F 800,,Г
1109,DAF,F 900,,Г
11892,DAF,LF,,Г
4964,DAF,LF 45,,Г
4966,DAF,LF 55,,Г
1157,DAF,N 2800,,Г
4568,DAF,N 3300,,Г
1079,DAF,SB,,Г
37628,DAF,TB,,Г
11497,DAF,XF,,Г
5539,DAF,XF 105,,Г
4967,DAF,XF 95,,Г
36745,DENNIS,DAGGER,,С
36746,DENNIS,ELITE,,С
6599,DENNIS,ELITE 2,,С
37633,DENNIS,ENVIRO,,С
8534,DENNIS,OLYMPUS,,С
8697,DENNIS,PHÖNIX 2,,С
11104,DEUTZ-FAHR,AGROFARM,,С
9766,DEUTZ-FAHR,AGROKID,,С
9767,DEUTZ-FAHR,AGROLUX,,С
9768,DEUTZ-FAHR,AGROPLUS,,С
9803,DEUTZ-FAHR,AGROPRIMA,,С
9804,DEUTZ-FAHR,AGROSTAR,,С
9791,DEUTZ-FAHR,AGROTRON,,С
38673,DEUTZ-FAHR,AGROTRON K,,С
38675,DEUTZ-FAHR,AGROTRON L,,С
38674,DEUTZ-FAHR,AGROTRON M,,С
38677,DEUTZ-FAHR,AGROTRON TTV,,С
38672,DEUTZ-FAHR,AGROTRON X,,С
9807,DEUTZ-FAHR,AGROXTRA,,С
10206,DEUTZ-FAHR,D05,,С
10088,DEUTZ-FAHR,D06,,С
10127,DEUTZ-FAHR,D07,,С
9792,DEUTZ-FAHR,DX,,С
10203,DEUTZ-FAHR,F-Serie,,С
36985,DEUTZ-FAHR,Series 11,,С
36939,DEUTZ-FAHR,Series 5,,С
36940,DEUTZ-FAHR,Series 5 C,,С
36942,DEUTZ-FAHR,Series 5 G,,С
11105,DEUTZ-FAHR,Series 6,,С
11107,DEUTZ-FAHR,Series 7,,С
36992,DEUTZ-FAHR,Series 9,,С
38131,DODGE,E-Series,,Л
11015,DONGFENG,BISON,,С
11013,DONGFENG,KINGRUN,,С
11010,DONGFENG,KINLAND,,С
11012,DONGFENG,T-LIFT,,С
14791,DONGFENG (DFAC),EQ Series,,Г
11111,DONGFENG (DFAM),DF,,Г
3648,DRÖGMÖLLER,E-Serie,,А
11112,DURSO,FARMER,,Г
666,EBRO,F-Serie,,Г
647,EBRO,L-Serie,,Г
36232,EICHER,PRO SERIES 1000,,Г
36233,EICHER,PRO SERIES 3000,,Г
36234,EICHER,PRO SERIES 6000,,Г
36235,EICHER,PRO SERIES 8000,,Г
36236,EICHER,VE SERIES,,Г
8619,ERF,54,,Г
8620,ERF,64,,Г
1036,ERF,B-Serie,,Г
3609,ERF,C-Serie,,Г
5501,ERF,ECM,,Г
5502,ERF,ECT,,Г
8621,ERF,E-Serie,,Г
8622,ERF,M-Serie,,Г
37493,El Detalle,Gondola,,А
10212,FAHR,D,,C
10213,FAHR,GT,,C
10458,FAP,A-Series,,Г
10457,FAP,B-Series,,Г
11182,FAW (JIEFANG),J5,,Г
11181,FAW (JIEFANG),J6,,Г
10215,FENDT,Dieselross,,С
9784,FENDT,Farmer,,С
9996,FENDT,Favorit,,С
9785,FENDT,GT,,С
11116,FENDT,Vario,,С
11079,FERRARI AGRI,VEGA,,C
10260,FIAT,1000 Serie,,C
10246,FIAT,400 Serie,,C
10254,FIAT,500 Serie,,C
10255,FIAT,600 Serie,,C
9777,FIAT,66 Serie,,C
10256,FIAT,700 Serie,,C
10258,FIAT,800 Serie,,C
9778,FIAT,88 Serie,,C
10259,FIAT,900 Serie,,C
9779,FIAT,90 Serie,,C
9781,FIAT,94 Serie,,C
9780,FIAT,F-Serie,,C
9782,FIAT,L Serie,,C
9085,FIAT,Series 100,,C
9098,FIAT,Series 110,,C
1145,FIAT,Series 180,,C
9093,FIAT,Series 260,,C
9065,FIAT,Series 300,,C
9097,FIAT,Series 330,,C
9064,FIAT,Series 400,,C
9058,FIAT,Series 50,,C
9059,FIAT,Series 55,,C
9063,FIAT,Series 600,,C
9056,FIAT,Series 65,,C
9088,FIAT,Series 70,,C
9054,FIAT,Series 75,,C
9089,FIAT,Series 80,,C
9090,FIAT,Series 90,,C
9086,FIAT,Series C40,,C
9087,FIAT,Series C50,,C
9783,FIAT,TL Serie,,C
38125,FNM,HEAVY,1,
8503,FODEN TRUCKS,ALPHA,,Г
9994,FORD,5000-Serie,,С
9995,FORD,6000-Serie,,С
10362,FORD,7000-Serie,,С
682,FORD,Cargo,,Г
14324,FORD,F-SERIES,,Л
11011,FOTON,AUMAN,,Г
11014,FOTON,AUMARK,,Г
38119,FOTON,BISON,,Л
37900,FOTON,BJ-Bus,,А
38863,FREIGHTLINER,CENTURY,,Г
38525,FUSO (MITSUBISHI),CANTER,,Г
38667,FUSO (MITSUBISHI),COLT DIESEL,,Г
13537,GAZ,GAZON,,Г
13534,GAZ,SADKO,,Г
13541,GAZ,VALDAI,,Г
7968,GINAF,C-Series,,Г
7969,GINAF,X-Series,,Г
38114,GMC,6-Series,,Л
11065,GOLDONI,Boxter,,С
11064,GOLDONI,Ronin,,С
11063,GOLDONI,Series-100,,С
8601,GRUAU,MICROBUS,,А
10406,GUELDNER,A,,C
10407,GUELDNER,Multitrak,,C
37821,GÜLERYÜZ,COBRA,,А
37887,HATTAT TRAKTÖR,200 Series,,С
37888,HATTAT TRAKTÖR,A Series,,С
37856,HATTAT TRAKTÖR,B Series,,С
37857,HATTAT TRAKTÖR,C Series,,С
37889,HATTAT TRAKTÖR,H Series,,С
37885,HATTAT TRAKTÖR,T Series,,С
11926,HEULIEZ,GX,,А
38367,HICOM,MTB,,Г
37650,HINO,AK,,А
11607,HINO,CITI BUS,,А
38300,HINO,DUTRO,,А
10523,HINO,FD,,А
11608,HINO,KING,,А
10528,HINO,RB,,А
10526,HINO,RK,,А
37649,HINO,RM,,А
10530,HINO,RN,,А
11606,HINO,ROADLINER SUPREME,,А
10596,HINO,Serie 300,,А
10532,HINO,Serie 500,,А
10813,HINO,Serie 700,,А
37651,HINO,XZ,,А
8662,HYUNDAI,AERO CITY,,А
8661,HYUNDAI,AERO TOWN,,А
8671,HYUNDAI,COUNTY,,А
8670,HYUNDAI,HD HEAVY,,А
8664,HYUNDAI,HD LIGHT,,А
8669,HYUNDAI,HD MEDIUM,,А
8665,HYUNDAI,SUPER AERO CITY,,А
8666,HYUNDAI,UNIVERSE,,А
36718,INBUS,AS 280,,А
10087,INTERNATIONAL HARV.,1455,,С
10084,INTERNATIONAL HARV.,743,,С
10085,INTERNATIONAL HARV.,844,,С
10086,INTERNATIONAL HARV.,856,,С
9770,INTERNATIONAL HARV.,A-Series,,С
3249,INTERNATIONAL HARV.,B-Series,,С
9771,INTERNATIONAL HARV.,CM-Series,,С
576,INTERNATIONAL HARV.,C-Series,,С
2853,INTERNATIONAL HARV.,D-Series,,С
9772,INTERNATIONAL HARV.,Maxxum,,С
6361,IRISBUS,ACCESS BUS 127,,А
8276,IRISBUS,AGORA,,А
36974,IRISBUS,ARES,,А
6358,IRISBUS,ARWAY,,А
6365,IRISBUS,AXER,,А
6359,IRISBUS,CITELIS,,А
37652,IRISBUS,CITYCLASS,,А
8599,IRISBUS,CREALIS,,А
6357,IRISBUS,CROSSWAY,,А
6356,IRISBUS,DAILY TOURYS,,А
6367,IRISBUS,DOMINO,,А
37653,IRISBUS,EUROMIDI,,А
37655,IRISBUS,EUROPOLIS,,А
37654,IRISBUS,EURORIDER,,А
6360,IRISBUS,EVADYS,,А
37661,IRISBUS,ILIADE,,А
7897,IRISBUS,MAGELYS,,А
37663,IRISBUS,MIDIBUS,,А
37662,IRISBUS,MIDIRIDER,,А
8600,IRISBUS,PROWAY,,А
6364,IRISBUS,RECREO,,А
37831,IRIZAR,i2,,А
37846,IRIZAR,i3,,А
37851,IRIZAR,i4,,А
37853,IRIZAR,i6,,А
37832,IRIZAR,i8,,А
10225,IRIZAR,PB,,А
14475,ISUZU,F-Series FORWARD,,Г
11901,ISUZU,GRAFTER,,Г
601,ISUZU,N-Serie (5th Generation),,Г
10314,IVECO,370,,А
10504,IVECO,City Class,,А
36646,IVECO,CROSSWAY,,А
3421,IVECO,EuroCargo I-III,,Г
36611,IVECO,EuroCargo IV,,Г
10955,IVECO,EuroFire,,Г
3873,IVECO,EuroStar,,Г
3974,IVECO,EuroTech MH,,Г
3905,IVECO,EuroTech MP,,Г
3871,IVECO,EuroTech MT,,Г
3874,IVECO,EuroTrakker,,Г
3869,IVECO,M,,Г
13314,IVECO,MAGELYS,,Г
3868,IVECO,MK,,Г
3870,IVECO,P/PA,,Г
4065,IVECO,P/PA-Haubenfahrzeuge,,Г
14340,IVECO,PowerStar,,Г
4927,IVECO,Stralis,,Г
8753,IVECO,Strator,,Г
13821,IVECO,Tector,,Г
5483,IVECO,Trakker,,Г
13307,IVECO,TurboCity,,Г
3872,IVECO,TurboStar,,Г
3882,IVECO,TurboTech,,Г
13316,IVECO,URBANWAY,,Г
13822,IVECO,Vertis,,Г
3867,IVECO,Zeta,,Г
11118,JCB,FASTTRAC,,С
11903,JOHN DEERE,Series 2050,,С
14853,JOHN DEERE,Series 3000,,С
14857,JOHN DEERE,Series 3010,,С
11873,JOHN DEERE,Series 4000,,С
11122,JOHN DEERE,Series 5,,С
14894,JOHN DEERE,Series 5000,,С
14898,JOHN DEERE,Series 5010,,С
14899,JOHN DEERE,Series 5015,,С
11856,JOHN DEERE,Series 5020,,С
11123,JOHN DEERE,Series 6,,С
14909,JOHN DEERE,Series 6000,,С
11857,JOHN DEERE,Series 6010,,С
11866,JOHN DEERE,Series 6020,,С
11896,JOHN DEERE,Series 6030,,С
11124,JOHN DEERE,Series 7,,С
14917,JOHN DEERE,Series 7000,,С
14918,JOHN DEERE,Series 7010,,С
11870,JOHN DEERE,Series 7020,,С
11907,JOHN DEERE,Series 7030,,С
11231,JOHN DEERE,Series 8,,С
14920,JOHN DEERE,Series 8000,,С
14921,JOHN DEERE,Series 8010,,С
14924,JOHN DEERE,Series 8020,,С
11875,JOHN DEERE,Series 8030,,С
11235,JOHN DEERE,Series 9,,С
14925,JOHN DEERE,Series 9000,,С
14926,JOHN DEERE,Series 9020,,С
14927,JOHN DEERE,Series 9030,,С
9040,KAMAZ,4,,Г
9041,KAMAZ,5,,Г
9042,KAMAZ,6,,Г
37665,KAROSA,C-Series,,А
14823,KARSAN,ATAK,,А
14821,KARSAN,JEST,,А
14824,KARSAN,STAR,,А
13138,KAVZ,AURORA,,А
14366,KIA,GRANBIRD,,А
10867,KING LONG,XMQ,,А
37931,KIOTI,Series CK,,С
37930,KIOTI,Series CS,,С
37933,KIOTI,Series DK,,С
37932,KIOTI,Series NX,,С
37934,KIOTI,Series PX,,С
11125,KIOTI,Series RX,,С
9747,KRAMER,14-Serie,,C
9751,KRAMER,KA-Serie,,C
9752,KRAMER,KB-Serie,,C
9993,KRAMER,KL-Serie,,C
9763,KRAMER,KLS-Serie,,C
9748,KRAMER,K-Serie,,C
9764,KRAMER,KT,,C
9765,KRAMER,Pionier,,C
11054,KUBOTA,Series-M,,C
13492,LAMBORGHINI,CRONO,,C
13482,LAMBORGHINI,MACH,,C
13483,LAMBORGHINI,NITRO,,C
13503,LAMBORGHINI,R1,,C
13484,LAMBORGHINI,R2,,C
13637,LAMBORGHINI,RF / RS / RV,,C
13481,LAMBORGHINI,SPARK,,C
13480,LAMBORGHINI,SPIRE,,C
13330,LAMBORGHINI,STRIKE,,C
12875,LANDINI,ALPINE,,C
13066,LANDINI,GLOBALFARM,,C
13048,LANDINI,LANDPOWER,,C
12873,LANDINI,MISTRAL,,C
12876,LANDINI,POWERFARM,,C
13021,LANDINI,POWERMONDIAL,,C
13074,LANDINI,REX,,C
12866,LANDINI,Series 1,,C
12931,LANDINI,Series 4,,C
12937,LANDINI,Series 5,,C
13065,LANDINI,Series 60,,C
13061,LANDINI,Series 7,,C
12877,LANDINI,TECHNOFARM,,C
13081,LANDINI,VISION,,C
37666,LAZ,LEMBERG,,А
37630,LEYLAND,LE,,Г
38731,MACK,Midlum,,Г
10317,MAGIRUS-DEUTZ,D-Series,,С
10310,MAGIRUS-DEUTZ,M-Series,,С
13904,MAHINDRA,DI 3200,,Г
13906,MAHINDRA,LOADKING,,Г
13887,MAHINDRA,MN,,Г
13890,MAHINDRA,TORRO,,Г
13941,MAHINDRA,TOURISTER,,Г
13888,MAHINDRA,TRACO,,Г
13889,MAHINDRA,TRUXO,,Г
9539,MAN,CLA,,Г
8377,MAN,E 2000,,Г
4048,MAN,EL,,Г
4063,MAN,EM,,Г
3539,MAN,F 2000,,Г
9151,MAN,F 9,,Г
3541,MAN,F 90,,Г
3898,MAN,F 90 Unterflur,,Г
8632,MAN,FOCL,,A
3536,MAN,G,,Г
3534,MAN,G 90,,Г
8551,MAN,HELICON,,А
8625,MAN,HOCL,,А
3537,MAN,L 2000,,Г
8626,MAN,LC,,Г
8130,MAN,LION S CITY,,А
4046,MAN,LION S COACH,,А
4049,MAN,LION S COMFORT,,А
36647,MAN,LION S REGIO,,А
4047,MAN,LION S STAR,,А
3538,MAN,M 2000 L,,Г
3603,MAN,M 2000 M,,Г
3540,MAN,M 90,,Г
592,MAN,NG,,А
603,MAN,NL,,А
622,MAN,NM,,А
1586,MAN,NÜ,,Г
928,MAN,R,,A
1111,MAN,SD,,A
1133,MAN,SG,,A
586,MAN,SL,,A
583,MAN,SL II,,A
593,MAN,SM,,A
626,MAN,SR,,A
636,MAN,SÜ,,A
4722,MAN,TGA,,Г
5422,MAN,TGL,,Г
5491,MAN,TGM,,Г
6417,MAN,TGS,,Г
6416,MAN,TGX,,Г
924,MAN,ÜL,,Г
37668,MARBUS,VIVE,,А
11236,MASSEY FERGUSON,MF 1500,,C
11237,MASSEY FERGUSON,MF 3600,,C
11951,MASSEY FERGUSON,MF 5400,,C
11955,MASSEY FERGUSON,MF 5600,,C
12843,MASSEY FERGUSON,MF 6600,,C
12846,MASSEY FERGUSON,MF 7600,,C
12847,MASSEY FERGUSON,MF 8600,,C
12851,MASSEY FERGUSON,MF 8700,,C
10477,MAZ,Serie 100,,Г
10478,MAZ,Serie 150,,Г
10479,MAZ,Serie 170,,Г
10480,MAZ,Serie 200,,Г
10476,MAZ,Serie 5,,Г
8924,MAZ-MAN,F 2000,,Г
13107,MC CORMICK,C-L Series,,С
13116,MC CORMICK,C-Max Series,,С
13112,MC CORMICK,CX Series,,С
13103,MC CORMICK,F Series,,С
13102,MC CORMICK,GM,,С
13105,MC CORMICK,V/FN Series,,С
13136,MC CORMICK,X4,,С
13152,MC CORMICK,X50,,С
13153,MC CORMICK,X6,,С
13154,MC CORMICK,X60,,С
13167,MC CORMICK,X7,,С
10481,MCW,DR,1,
7591,MERCEDES-BENZ,ACCELO,,Г
1587,MERCEDES-BENZ,ACTROS,,Г
5082,MERCEDES-BENZ,ACTROS MP2 / MP3,,Г
9875,MERCEDES-BENZ,ACTROS MP4,,Г
11047,MERCEDES-BENZ,ANTOS,,Г
11239,MERCEDES-BENZ,AROCS,,Г
3431,MERCEDES-BENZ,ATEGO,,Г
5545,MERCEDES-BENZ,ATEGO 2,,Г
11420,MERCEDES-BENZ,ATEGO 3,,Г
13719,MERCEDES-BENZ,ATRON,,Г
4928,MERCEDES-BENZ,AXOR,,Г
5646,MERCEDES-BENZ,AXOR 2,,Г
11493,MERCEDES-BENZ,CAPACITY (O 530 GL),,А
3432,MERCEDES-BENZ,CITARO (O 530),,А
4064,MERCEDES-BENZ,CITO (O 520),,А
5101,MERCEDES-BENZ,CONECTO (O 345),,А
4587,MERCEDES-BENZ,ECONIC,,Г
11500,MERCEDES-BENZ,ECONIC 2,,Г
3675,MERCEDES-BENZ,INTEGRO (O 550),,А
9609,MERCEDES-BENZ,INTOURO,,А
3529,MERCEDES-BENZ,LK/LN2,,Г
3528,MERCEDES-BENZ,LP,,Г
5214,MERCEDES-BENZ,MB-TRAC,,С
3530,MERCEDES-BENZ,MK,,Г
3908,MERCEDES-BENZ,NG,,Г
1588,MERCEDES-BENZ,O 100,,А
635,MERCEDES-BENZ,O 301,,А
5016,MERCEDES-BENZ,O 302,,А
660,MERCEDES-BENZ,O 303,,А
10485,MERCEDES-BENZ,O 304,,А
670,MERCEDES-BENZ,O 305,,А
683,MERCEDES-BENZ,O 307,,А
5047,MERCEDES-BENZ,O 309,,А
5068,MERCEDES-BENZ,O 317,,А
10487,MERCEDES-BENZ,O 330,,А
4059,MERCEDES-BENZ,O 340,,А
732,MERCEDES-BENZ,O 402,,А
6747,MERCEDES-BENZ,O 403,,А
736,MERCEDES-BENZ,O 404,,А
3622,MERCEDES-BENZ,O 405,,А
745,MERCEDES-BENZ,O 407,,А
752,MERCEDES-BENZ,O 408,,А
9577,MERCEDES-BENZ,OF Series,1,
8006,MERCEDES-BENZ,OH Series,,А
3531,MERCEDES-BENZ,SK,,Г
3535,MERCEDES-BENZ,T2/L,,Г
5167,MERCEDES-BENZ,TOURINO (O 510),,А
1496,MERCEDES-BENZ,TOURISMO (O 350),,А
5540,MERCEDES-BENZ,TOURO (O 500),,А
4564,MERCEDES-BENZ,TRAVEGO (O 580),,А
4665,MERCEDES-BENZ,UNIMOG,,Г
7807,MERCEDES-BENZ,ZETROS,,Г
36536,MITSUBISHI,"Canter (FB7, FB8, FE7, FE8) 7.Generation",,Г
36533,MITSUBISHI,"Canter (FE3, FE4) 5.Generation",,Г
659,MITSUBISHI,"Canter (FE5, FE6) 6.Generation",,Г
10857,MITSUBISHI,Fighter,,Г
780,MITSUBISHI,Fuso,,Г
4006,MITSUBISHI,Rosa,,A
10863,MITSUBISHI,Shogun,,Л
4937,MULTICAR,Fumo,,Г
4807,MULTICAR,M25,,Г
4812,MULTICAR,M26,,Г
9008,MULTICAR,M27,,Г
4813,MULTICAR,Tremo,,Г
4814,MULTICAR,UX100,,Г
37689,NEOPLAN,Airliner,,А
5130,NEOPLAN,Centroliner,,А
3623,NEOPLAN,Cityliner,,А
5134,NEOPLAN,Euroliner,,А
1037,NEOPLAN,Jetliner,,А
8558,NEOPLAN,Megaliner,,А
8557,NEOPLAN,Megashuttle,,А
1165,NEOPLAN,N-Serie,,А
1169,NEOPLAN,Skyliner,,А
3612,NEOPLAN,Spaceliner,,А
8579,NEOPLAN,Sportliner,,А
3422,NEOPLAN,Starliner,,А
5065,NEOPLAN,Tourliner,,А
867,NEOPLAN,Transliner,,А
5384,NEOPLAN,Trendliner,,А
11635,NEW HOLLAND,Boomer,,С
11615,NEW HOLLAND,с,,С
11674,NEW HOLLAND,T1500,,С
11676,NEW HOLLAND,T3000,,С
11675,NEW HOLLAND,T4 (PowerStar),,С
11725,NEW HOLLAND,T4000,,С
11797,NEW HOLLAND,T5,,С
11724,NEW HOLLAND,T5000,,С
11731,NEW HOLLAND,T6,,С
11730,NEW HOLLAND,T7,,С
11729,NEW HOLLAND,T8,,С
11727,NEW HOLLAND,T9,,С
11830,NEW HOLLAND,TB,,С
11808,NEW HOLLAND,TD3.50,,С
11801,NEW HOLLAND,TD4000F,,С
11613,NEW HOLLAND,TD 5,,С
11685,NEW HOLLAND,TL,,С
11686,NEW HOLLAND,TL-A,,С
11620,NEW HOLLAND,TM,,С
11841,NEW HOLLAND,TN,,С
11823,NEW HOLLAND,TN-A,,С
14318,NEW HOLLAND,TNF-A,,С
11809,NEW HOLLAND,TS100,,С
11812,NEW HOLLAND,TS110,,С
11811,NEW HOLLAND,TS90,,С
11813,NEW HOLLAND,TS-A,,С
11828,NEW HOLLAND,WORKMASTER,,С
5067,NISSAN,ATLEON,,Г
13055,NISSAN,ECO-T,,Г
645,NISSAN,L-Serie,,Г
14057,NISSAN,NT500,,Г
8003,OPTARE,OLYMPUS,,А
7994,OPTARE,SOLO,,А
8001,OPTARE,SOLO SR,,А
7999,OPTARE,TEMPO,,А
8004,OPTARE,TORO,,А
8002,OPTARE,VERSA,,А
8979,OTOKAR,CENTRO,,А
8988,OTOKAR,KENT,,А
8982,OTOKAR,NAVIGO,,А
8991,OTOKAR,TERRITO,,А
8983,OTOKAR,VECTIO,,А
1056,PADANE,Z-Serie,1,
11078,PASQUALI,ORION,,С
14947,PEGASO,TRONER,,Г
14512,PFANZELT,PM TRAC,,С
37632,PLAXTON,BEAVER,,А
37648,PLAXTON,CENTRO,,А
8026,PLAXTON,ELITE,,А
8027,PLAXTON,PANTHER,,А
7898,RENAULT TRUCKS,Agora,,Г
7899,RENAULT TRUCKS,Ares,,Г
4659,RENAULT TRUCKS,C,,Г
11559,RENAULT TRUCKS,C-Serie,,Г
11505,RENAULT TRUCKS,D-Serie,,Г
38628,RENAULT TRUCKS,D-Series Access,,Г
7900,RENAULT TRUCKS,FR1,,Г
4709,RENAULT TRUCKS,G,,Г
7901,RENAULT TRUCKS,Iliade,,Г
4197,RENAULT TRUCKS,Kerax,,Г
11552,RENAULT TRUCKS,K-Serie,,Г
4195,RENAULT TRUCKS,Magnum,,Г
4660,RENAULT TRUCKS,Major,,Г
4638,RENAULT TRUCKS,Manager,,Г
5832,RENAULT TRUCKS,Maxity,,Г
4647,RENAULT TRUCKS,Maxter,,Г
5533,RENAULT TRUCKS,Midliner,,Г
4661,RENAULT TRUCKS,Midlum,,Г
10743,RENAULT TRUCKS,PR,,Г
5532,RENAULT TRUCKS,Premium,,Г
5584,RENAULT TRUCKS,Premium 2,,Г
4707,RENAULT TRUCKS,R,,Г
10452,RENAULT TRUCKS,TB,,Г
10454,RENAULT TRUCKS,TBH,,Г
10455,RENAULT TRUCKS,TR,,Г
7905,RENAULT TRUCKS,Tracer,,Г
10456,RENAULT TRUCKS,TRH,,Г
11504,RENAULT TRUCKS,T-Serie,,Г
13170,SAME,AUDAX ST,,C
13175,SAME,DORADO,,C
13180,SAME,EXPLORER,,C
13194,SAME,FORTIS,,C
13214,SAME,LASER,,C
5537,SCANIA,2 - series,,Г
5536,SCANIA,3 - series,,Г
5538,SCANIA,3 - series bus,,А
5535,SCANIA,4 - series,,Г
13876,SCANIA,4 - series bus,,А
36644,SCANIA,CITYWIDE,,А
36629,SCANIA,INTERLINK,,А
37711,SCANIA,IRIZAR,,А
37712,SCANIA,IRIZAR CENTURY,,А
10224,SCANIA,IRIZAR PB,,А
11695,SCANIA,K - series,,А
36709,SCANIA,K - series bus,,А
36972,SCANIA,"L,P,G,R,S - series",,Г
37714,SCANIA,OMNICITY,,А
36645,SCANIA,OMNIEXPRESS,,А
37715,SCANIA,OMNILINK,,А
5534,SCANIA,"P,G,R,T - series",,Г
36628,SCANIA,TOURING,,А
8528,SETRA,Series 200,,А
5212,SETRA,Series 300,,А
5204,SETRA,Series 400,,А
13515,SETRA,Series 500,,А
11179,SHAANXI,F2000,,Г
11178,SHAANXI,F3000,,Г
13832,SHACMAN,SHACMAN,,Г
37601,SILEO,S,1,
11193,SINOTRUK (CNHTC),GOLDEN PRINCE,,Г
11197,SINOTRUK (CNHTC),HAOJUN,,Г
11203,SINOTRUK (CNHTC),HOWO,,Г
11185,SINOTRUK (CNHTC),HOWO A7,,Г
11222,SINOTRUK (CNHTC),HUANGHE COMMANDER,,Г
11223,SINOTRUK (CNHTC),STEYR,,Г
11192,SINOTRUK (CNHTC),STEYR KING,,Г
14250,SISU,POLAR,,Г
36401,SML,COSMO,,А
36414,SML,SAMRAT,,Г
36424,SML,SARTAJ,,Г
36408,SML,SUPER,,Г
36485,SML,SUPREME,,Г
6736,SOLARIS,ALPINO,,А
37695,SOLARIS,TROLLINO,,А
6726,SOLARIS,URBINO,,А
6728,SOLARIS,VACANZA,,А
835,STEYR,1290-Serie,,Г
3632,STEYR,1291-Serie,,Г
922,STEYR,1390-Serie,,Г
1000,STEYR,1490-Serie,,Г
1011,STEYR,1491-Serie,,Г
1170,STEYR,1890-Serie,,Г
3677,STEYR,19 S-Serie (Facel.),,Г
936,STEYR,590-Serie,,Г
1127,STEYR,690-Serie,,Г
1131,STEYR,691-Serie,,Г
657,STEYR,790-Serie,,Г
658,STEYR,791-Serie,,Г
769,STEYR,890-Serie,,Г
775,STEYR,891-Serie,,Г
860,STEYR,990-Serie,,Г
866,STEYR,991-Serie,,Г
14358,STEYR,CVT,,С
14326,STEYR,KOMPAKT,,С
14338,STEYR,MULTI,,С
14343,STEYR,PROFI,,С
13833,TATA,CITYRIDE,,А
11315,TATA,LP,,А
13824,TATA,LPK,,Г
13818,TATA,LPS,,Г
13823,TATA,LPT,,Г
13845,TATA,NOVUS,,Г
13791,TATA,PRIMA,,Г
13819,TATA,SE,,Г
13825,TATA,SFC,,Г
13826,TATA,SK,,Г
13808,TATA,ULTRA,,Г
14782,TEMSA,AVENUE,,A
8559,TEMSA,DIAMOND,,A
14783,TEMSA,MD9,,A
14762,TEMSA,PRESTIJ,,A
14784,TEMSA,SAFARI,,A
14737,TEMSA,SAFIR,,A
14738,TEMSA,SAFIR PLUS,,A
14739,TEMSA,TOURMALIN,,A
8745,TERBERG-BENSCHOP,BC,,Г
8746,TERBERG-BENSCHOP,RT,,Г
8747,TERBERG-BENSCHOP,TT,,Г
8744,TERBERG-BENSCHOP,URBIN,,Г
8743,TERBERG-BENSCHOP,YT,,Г
14682,TROLIGA BUS,FENIX,,А
14684,TROLIGA BUS,LEONIS,,А
14683,TROLIGA BUS,PEGASUS,,А
14685,TROLIGA BUS,SIRIUS,,А
37917,UD TRUCKS,CRONER,,Г
37905,UD TRUCKS,QUESTER,,Г
37914,UD TRUCKS,QUON,,Г
10482,URALAZ,Serie 4320,,Г
14214,VALTRA,A SERIES,,C
14215,VALTRA,N SERIES,,C
14216,VALTRA,S SERIES,,C
14217,VALTRA,T SERIES,,C
36631,VAN HOOL,ACRON,,A
36634,VAN HOOL,ALICRON,,A
36630,VAN HOOL,ALTANO,,A
913,VAN HOOL,A-Serie,,A
36642,VAN HOOL,ASTROMEGA,,A
36632,VAN HOOL,ASTRON,,A
36643,VAN HOOL,ASTRONEF,,A
37772,VAN HOOL,EOS,,A
38263,VAN HOOL,EX-Series,,A
37758,VAN HOOL,Serie 9,,A
1509,VAN HOOL,T-Serie,,A
37810,VDL,Citea,,A
38264,VDL,Futura,,A
37817,VDL,Jonkheere,,A
11074,VISEON,C Series,1,
11088,VISEON,L Series,1,
8163,VOLVO,7700,,A
37094,VOLVO,7900,,A
8513,VOLVO,8500,,A
8515,VOLVO,8700,,A
37096,VOLVO,8900,,A
37097,VOLVO,9500,,A
5069,VOLVO,9700,,A
5070,VOLVO,9900,,A
2885,VOLVO,A-Series,,Г
5030,VOLVO,B 10,,А
14690,VOLVO,B11R,,А
5029,VOLVO,B 12,,А
5032,VOLVO,B 6,,А
5031,VOLVO,B 7,,А
8514,VOLVO,B 9,,А
4188,VOLVO,F 10,,Г
4189,VOLVO,F 12,,Г
4190,VOLVO,F 16,,Г
4340,VOLVO,F 4,,Г
4342,VOLVO,F 6,,Г
4344,VOLVO,F 7,,Г
4832,VOLVO,F 80,,Г
5554,VOLVO,FE,,Г
11872,VOLVO,FE II,,Г
5553,VOLVO,FH,,Г
4092,VOLVO,FH 12,,Г
4139,VOLVO,FH 16,,Г
11871,VOLVO,FH 16 II,,Г
11869,VOLVO,FH II,,Г
5125,VOLVO,FL,,Г
4183,VOLVO,FL 10,,Г
4185,VOLVO,FL 12,,Г
4345,VOLVO,FL 4,,Г
4175,VOLVO,FL 6,,Г
4184,VOLVO,FL 7,,Г
1923,VOLVO,FLC,,Г
5555,VOLVO,FL II,,Г
11864,VOLVO,FL III,,Г
5552,VOLVO,FM,,Г
4829,VOLVO,FM 10,,Г
4140,VOLVO,FM 12,,Г
4093,VOLVO,FM 7,,Г
4972,VOLVO,FM 9,,Г
9728,VOLVO,FMX,,Г
14385,VOLVO,FMX II,,Г
4828,VOLVO,FS 7,,Г
5027,VOLVO,N 10,,Г
5028,VOLVO,N 7,,Г
4827,VOLVO,NH 12,,Г
13816,VOLVO,VM,,Г
7874,VW,Constellation,,Г
7894,VW,Delivery,,Г
4811,VW,L 80,,Г
7875,VW,Volksbus,,А
7890,VW,Worker,,А
14574,WEITUO,AOYE,,С
14596,WEITUO,SWT,,С
11051,YAGMUR,Agriform,,С
13778,ZETOR,Antar,,С
13641,ZETOR,Forterra,,С
13736,ZETOR,Major,,С
13642,ZETOR,Proxima,,С